name,phone_number,birth
이영환,01057160459,550507
김민석,01082861219,940207
문예준,01097174377,711230
김준호,01005239212,441028
홍지혜,01044461504,870107
서정자,01028221891,540108
차예준,01071083409,780313
허옥자,01055294652,950826
이현정,01062646543,610928
배민수,01053724681,491118
노영자,01045262185,660802
이정식,01052653585,591025
이민수,01090339668,960122
김성수,01014008756,690630
윤영미,01093697268,080814
김영자,01010053002,111119
박민서,01035901703,640409
신성진,01092689230,510414
최정희,01076707674,490830
강명숙,01029350757,440508
김중수,01020194030,100516
김지아,01047009195,731007
김영철,01025984235,810425
이정훈,01028946033,880420
이영식,01025016441,620905
강성훈,01032551604,130815
박지현,01087425988,680102
서서현,01024783376,680412
박승현,01068527690,020321
김현우,01091752088,080608
고은서,01075297633,530531
최동현,01049675401,800727
심중수,01002691208,610607
송예진,01099130033,441107
이보람,01025328846,480313
이우진,01082821000,610811
류상철,01064490494,811102
송순옥,01041509669,820920
고성진,01050649727,041201
김재호,01067141699,040118
김재현,01088282685,480730
이영식,01013598791,431006
류성진,01002410697,621114
박예원,01081573317,050604
강민석,01053288552,080522
이예지,01027636315,771229
박승현,01027987611,500501
안은정,01031916666,611205
이예준,01074945499,520303
박미경,01068005265,980322
최정희,01060189809,750616
이영철,01027912692,761206
김성진,01091899270,050601
최순자,01055009595,470520
김경숙,01032883651,481229
이미숙,01033907294,130615
윤진우,01068366944,891206
손정숙,01051121790,941019
이서현,01031201211,510126
이도현,01041702833,520818
박경수,01000987319,070811
최현지,01049689997,541015
황서연,01092930104,730805
김미숙,01023400906,030204
남지연,01047846298,721223
한영환,01086695069,470202
박순자,01092586818,050214
주미정,01049395480,980510
홍민서,01031199983,601220
한영철,01026202628,640621
이은경,01090009998,451017
김성호,01024747376,481221
안건우,01046139558,631109
김준서,01049110825,910629
이영순,01095109815,881020
김영자,01004751052,680330
권은영,01019786479,830327
김영자,01017979364,710619
이현정,01078228217,951229
류지영,01062160252,641105
박은주,01095221083,710916
최성훈,01039392510,110908
박예원,01039018367,630507
김진호,01012874831,760918
김성진,01061025764,711004
안상현,01014357440,080210
곽수진,01074473316,930618
김보람,01056704317,560514
강채원,01076130616,710626
김영숙,01096630989,460806
이영식,01031150994,540930
배서준,01035089681,950727
김성수,01039592475,770119
정경희,01025519433,561016
최민수,01024437882,651118
박정수,01013582277,730829
최민준,01075734595,120227
이성현,01098094247,840329
이정식,01080455399,581114
강시우,01041181874,710702
홍예은,01018231826,940429
정서준,01042825608,010628
최승민,01065281218,890509
이미정,01016645860,100810
김정훈,01017121068,070625
박서준,01051709697,780217
윤예준,01090022798,010406
김혜진,01018571161,950501
남병철,01035282334,750323
박정호,01039150252,930629
이수민,01005280903,700818
민영자,01086772951,680830
이정숙,01055600028,510114
최상훈,01073472530,730213
최정희,01011236476,870124
박현주,01060919188,471128
이상훈,01060585477,591116
류선영,01081108531,680304
이윤서,01041446069,531228
손채원,01044154390,761127
이성수,01059676939,020320
최서연,01016198706,720314
박예원,01019881171,840828
황현주,01033024942,890513
장도현,01096135883,561023
배정웅,01003965452,700312
박영미,01009263991,090418
문정자,01048017846,030725
이건우,01070654546,880208
주영철,01022399671,791224
최예은,01024226336,040218
이영길,01055666684,941208
이준호,01064356874,021009
김경희,01097019422,010410
이수빈,01048399520,920213
김수진,01029491873,561224
윤영환,01063238806,970516
백수진,01029453510,530713
박수빈,01038875327,750625
류순자,01002006568,690617
김영일,01090421775,610104
노정순,01006901420,920523
이은주,01089047451,890915
장경자,01073148475,890315
강정훈,01082946101,570120
박예준,01044711675,700408
이명숙,01027053516,111128
문지후,01094137198,111221
이민준,01009992031,771225
김아름,01093282111,801220
서지아,01023720268,460823
조서준,01084072357,741113
권정웅,01092156067,440226
김정희,01065352431,090314
이재현,01066606255,441027
이정식,01022072529,560325
송영수,01073702377,441026
박성호,01035307365,040806
양진우,01012527251,651025
김영길,01044887193,510731
김영철,01074219969,100331
박수진,01086659733,600409
권정자,01078071878,930522
한영일,01079278389,790520
류경자,01035061201,501212
백승현,01024536031,480206
김경자,01043222094,530329
조준호,01007288044,860201
황명자,01038313935,780805
이수빈,01035901165,801215
김현숙,01070332998,510529
강지현,01049647147,560527
김정순,01002777895,890210
박명숙,01048558148,791124
유은서,01075013076,771109
이하은,01038680122,960125
한종수,01074002234,101214
김병철,01021432621,711006
이은영,01030539601,650222
김영미,01025831508,770313
장윤서,01017489649,031214
김서영,01094697931,850428
이순자,01079272929,120926
김병철,01051387298,910909
박경자,01061541640,971003
김성민,01069239148,731114
이유진,01079362800,580824
김영호,01064235310,520425
최미숙,01059300172,041225
배옥순,01059691642,440903
송예원,01015568973,070306
박영순,01054571016,681227
김민석,01019797302,500901
유지후,01039448698,930713
김상현,01000913060,080824
최서연,01003679161,810528
장영환,01026131121,750724
박예준,01000893956,930719
김옥자,01039725536,541018
오춘자,01083685923,901012
김정호,01063505550,021231
오영수,01019768089,960218
이현주,01000008186,910213
박진우,01036396903,790929
백민재,01003041910,560902
박춘자,01058476388,741129
장지현,01094558339,080113
김수빈,01002534364,100204
박현준,01087924691,780818
이현주,01034710005,750602
나채원,01042783185,100202
윤지우,01054252689,750924
노영자,01067111729,901127
이정호,01032069256,470210
윤지아,01056447639,471224
남승민,01066316904,710714
김예준,01048725289,911108
강지혜,01039853368,090206
양정웅,01029219202,060810
이지우,01023577335,100311
김우진,01058261598,130806
김준영,01004906893,751117
김수진,01053756528,700604
이옥순,01016472886,620817
강혜진,01083043646,800424
김상호,01026275608,441018
심진우,01084808900,130928
최혜진,01053271505,001103
이건우,01078168796,751202
손성진,01069302926,820122
이정순,01048881293,090106
박동현,01041854237,630502
남지영,01070248597,890925
고성수,01039484181,980102
백정수,01062984177,050226
오도현,01078278827,550509
한영길,01076703151,800430
김옥순,01035421105,791120
김영수,01053686176,640107
홍현준,01037386476,520825
권춘자,01061037199,491222
이서준,01000497969,990410
양진우,01017637197,801214
이현숙,01047310412,011208
황예진,01043997351,830709
심정호,01088629400,950422
곽현준,01036186013,950730
장주원,01089249944,471118
김성민,01054615575,000711
김순자,01064194120,540209
김경숙,01020923497,970228
이순자,01099465299,840322
김준호,01014893319,620526
이지우,01069552643,890110
김정웅,01072507815,851011
최정호,01056962066,580222
심경수,01049847315,830629
서은서,01034499888,590131
조은서,01043955236,850322
김혜진,01045386426,110519
박정희,01059475324,120626
이광수,01079607413,881213
최명숙,01027691863,700711
김성훈,01036832788,950711
안현지,01082327426,641208
윤중수,01094495909,520617
김광수,01098581559,730421
임은영,01053028836,611104
이윤서,01081497938,611018
이현우,01018582193,541231
최준호,01029544153,920427
이경희,01041744403,450613
이지혜,01053538099,850427
김수빈,01020099684,520529
박민서,01057551881,930602
허정희,01019613902,811226
이준혁,01085830960,870420
이민석,01040867873,990228
나선영,01036708210,500614
이정희,01000510656,510116
배영철,01061966385,030624
최명숙,01003141198,710930
조보람,01001406879,960128
이미정,01049053738,450925
서현숙,01068204803,490117
이진우,01041170303,970311
노보람,01067755042,700206
이현우,01025055344,610404
이정희,01033208487,680202
황하윤,01074221917,091010
장영식,01044692888,900223
박예진,01044790973,091006
이도현,01030227969,860418
김준혁,01093391622,950219
김승현,01005707107,730818
김채원,01059664824,511203
김서윤,01063698801,111001
황영식,01038803357,960114
이진호,01050844900,500721
박미경,01020116081,090921
손정희,01042580502,570407
이미정,01032021218,610211
이정숙,01005893100,801005
김은주,01006804683,831207
이승현,01090181448,090118
남숙자,01081973055,090715
성영일,01094436066,470412
이예지,01004417327,040108
장민준,01067160460,920715
김경자,01073550814,650116
윤준혁,01089231069,460318
박유진,01039237604,910215
허성현,01081089494,610314
고은서,01059920259,741025
김은정,01070641256,530517
김정수,01096769114,610322
김수민,01064267417,731113
오하윤,01074218343,780407
신서연,01089625105,830324
김수민,01081396247,790718
김현우,01019178036,930910
김선영,01005885956,670204
이민서,01044084151,830215
이춘자,01027319380,811226
김순자,01041497686,660225
김상호,01084443421,521217
김명숙,01041244233,610501
이윤서,01039750165,041113
황상현,01038821021,780102
김미정,01011430441,450101
김은지,01078936116,990421
이명자,01000662957,950118
권영수,01098030424,850413
나미경,01089684111,070510
김현숙,01087509730,551015
서지현,01073134310,770719
윤영수,01016311764,450405
김중수,01073675986,740830
김정순,01019506854,811010
이성진,01054113217,820827
박주원,01024683424,811217
문정웅,01047964328,660716
이경희,01073334394,090717
안미숙,01099173137,870802
유재현,01027446483,481127
이옥자,01016201981,090109
박민수,01060582835,930505
윤종수,01012007325,690314
양성민,01044615386,881023
박민재,01057688540,640616
오영호,01029915088,991019
류지영,01055476577,730706
이경수,01061587401,470919
김성민,01099088782,560811
심준혁,01006992422,130731
우윤서,01058710684,080327
김상현,01010758867,860103
이예지,01000625065,870114
이아름,01058960089,500519
우혜진,01041885545,971106
김민석,01092184585,560821
곽정순,01071893325,441031
전정남,01096521084,740118
김은주,01029121361,031026
김현주,01012835038,620325
김은정,01048354706,480323
이정자,01030712868,120331
손종수,01029006460,620711
홍순자,01043567588,100228
강성호,01006670215,530524
김상훈,01033544507,890130
민정식,01034542568,660313
김영자,01040224436,080615
이수진,01029525782,680827
임정순,01012647018,870619
안도윤,01007630918,900302
나종수,01068062914,570408
이지영,01008412343,720713
안상현,01090214942,510610
양민서,01051536365,720110
박승민,01074766178,550428
홍민재,01032078992,640321
이현지,01005584474,780222
김지연,01045178975,570201
장성현,01090436696,910127
김지아,01078087819,821227
우수빈,01009783317,111118
문은주,01014377600,910930
이경자,01088772052,600303
이영일,01010746404,740228
손영식,01003795600,810222
김성수,01020924638,081005
김유진,01090041103,010120
이경수,01065911026,840620
이현우,01094110002,890518
김건우,01047011276,490606
곽민지,01012859719,750414
박준서,01056610319,690513
이상호,01001995871,680528
김지우,01007762754,820830
최보람,01041408282,090617
홍서윤,01030835407,651106
손은주,01083078681,720906
홍승현,01052105790,830315
백영진,01001241518,651014
류지현,01029406685,100909
문지연,01082282562,770420
최영진,01088448485,640311
한선영,01040027709,090711
류하윤,01070526510,000714
황영수,01071109253,970523
김성호,01024807488,710520
문성수,01009980986,660908
김수진,01005077301,741218
곽준서,01019394738,960919
최경수,01081141398,840416
이영호,01031960499,811031
박정희,01070471603,850308
박영순,01044942489,951022
김현지,01075301060,060810
김유진,01072222727,540427
박영미,01006454060,911113
김영길,01067048250,051130
정영자,01032050006,541001
이도윤,01082124829,830609
김정훈,01095609690,530215
한정희,01072094505,000925
박영진,01009877870,030326
김시우,01077225854,820820
한승민,01017304510,961022
이채원,01042178744,491005
이민수,01042579716,761229
박도윤,01012007295,761215
서재현,01050572996,940308
진지현,01068301426,000419
류정남,01070608438,530920
이민서,01056741959,040919
김은주,01030207902,690105
지상철,01025594128,090722
류민지,01008458433,571110
윤서영,01040829149,711104
장아름,01083407404,490907
김서현,01024860810,640330
이정수,01038565979,910306
김정수,01061014664,571216
송혜진,01055786421,880905
김상훈,01048849928,690527
김예지,01077655686,081010
노영식,01015946731,090426
김영일,01009169074,721217
이영미,01019130126,461103
곽정희,01004811714,100726
배보람,01053474144,870803
김선영,01094007087,971122
박지민,01047013887,540321
윤영길,01098332438,581120
김영미,01068666254,950814
이건우,01029597685,441011
한건우,01013426114,461009
이은정,01012316539,060408
이지영,01088190259,490321
김상호,01065912808,571112
이정남,01000309794,810730
이명숙,01087541576,010621
김성현,01027172735,910101
최상현,01015303192,751002
이정식,01025746130,501225
박성호,01031632661,770508
이은서,01027173749,860326
김현우,01089930289,611019
김영진,01088692220,790916
엄영미,01070873594,061113
류서현,01001523556,580118
양지은,01096357101,830227
김수진,01073317718,730526
임지민,01023875913,740724
김순옥,01009439021,730630
김민지,01043256260,110122
안경숙,01054033127,950629
김지영,01061495742,110502
조은지,01098887671,051108
황지훈,01090618905,450806
오영수,01079074338,650116
김민지,01088971810,960210
차경희,01088279240,810704
이영환,01016221639,571001
이주원,01059100973,710823
김지훈,01069611533,790130
김영숙,01062894727,960705
이진우,01082942091,500519
김영진,01055873733,540225
권경희,01040428315,941121
장아름,01035355828,090509
이진호,01093348626,860830
양민수,01050624509,850904
신정웅,01005538696,670714
김영길,01052186601,840601
김영길,01085896051,760714
배은정,01014691454,590717
김성훈,01048590191,780720
김민석,01063316493,840604
박수진,01096957301,020528
남영환,01002130505,590120
이우진,01026986799,860602
양건우,01034889505,781007
장민준,01089791405,070510
김성훈,01053419910,501010
이예지,01087699995,030226
이영길,01007625443,980417
박건우,01023758718,451111
백경자,01047554304,440226
김정희,01093595002,450928
김성현,01099640621,510204
박춘자,01038958489,610904
강현정,01063891445,590128
손영숙,01095561005,450203
김미숙,01047747489,660115
이정희,01080096909,570507
김정자,01036042337,490103
이경숙,01077806144,481102
최정호,01059848564,660218
김은주,01069102680,060407
신예원,01086793848,470618
지상훈,01062963526,470629
김지후,01010742555,110918
유미경,01080450310,490228
심정희,01059004004,721012
김명숙,01080971715,971130
김민석,01047460295,990919
이준호,01014160394,760407
박성수,01039675679,720520
김지원,01073406729,661014
김성민,01082087837,750107
박미경,01035850212,510612
김예원,01049052935,830312
김지영,01019366491,880311
양주원,01056994578,550716
이종수,01079711649,510717
김정수,01049417667,010302
엄서연,01057632824,931105
이수빈,01045171284,611211
김혜진,01057370892,060816
이영순,01061626891,081124
서종수,01053673152,870721
손건우,01008534330,010716
전재호,01067363678,710318
고준영,01015097584,871218
나병철,01012473500,000407
김순옥,01030718925,480714
강경수,01025009549,940819
손준호,01002004978,551023
이지아,01062682686,721002
장서연,01017794247,671211
김정순,01001813398,571108
황우진,01082784947,631226
김정숙,01042597365,920109
이건우,01007099009,710404
김미영,01040536623,080212
이미경,01065890376,691011
김경희,01033610910,090407
이명자,01042250759,510325
김종수,01008957233,910501
김현숙,01029402773,850331
최하은,01016658228,960331
김혜진,01040757157,940622
박명숙,01064434231,130704
이진우,01003755924,850108
황현우,01017942814,800731
우정호,01001027984,730921
강성호,01059088853,760115
서춘자,01086966151,840229
이예은,01051279445,660830
이미경,01062947850,770716
권영일,01095138525,551230
정중수,01021188806,031112
이미숙,01045787316,910218
임지훈,01097661382,610605
이성진,01039663267,990325
정현주,01042307308,110514
김서영,01033149811,941218
김동현,01054757382,040929
고예원,01017406839,671202
장상철,01004454803,780824
박영길,01075186736,820325
오준호,01057976812,620211
최수민,01066420969,050411
김현주,01077977916,990512
박서현,01040074389,780515
김정순,01014006230,730311
강경희,01096475488,450421
윤준혁,01015873945,540605
구지후,01018050048,720930
이진우,01050144346,020724
이영호,01023173659,470903
한지원,01015206584,980106
권정숙,01088555076,700423
이영진,01083645536,130804
박준영,01014127638,830907
서선영,01036265136,830314
이상훈,01078161628,501026
류병철,01021010388,030104
박경수,01004997431,490713
이정웅,01054115373,890402
류미숙,01045516293,830522
최현주,01010776474,790131
박선영,01090712534,670328
조도현,01081762661,120928
윤성수,01052048477,590515
김종수,01048931614,450423
이지은,01017738347,990411
최민준,01069023410,970813
서예준,01074547191,650804
이준혁,01078615150,480718
남미영,01026578602,020717
홍서준,01021170436,651118
오지후,01026657421,990108
전상호,01060666480,570403
성상철,01013098153,640901
이준영,01095334540,500124
이예은,01021100483,680803
서춘자,01083709243,990526
이서윤,01034299717,520322
박명자,01079582527,490819
박은주,01085527667,720221
이하은,01082908622,610509
홍진호,01060384165,840416
강준영,01083004295,090712
김순옥,01082379881,540911
홍도윤,01023901629,640205
노상현,01028693526,100105
안명숙,01076367953,880217
황영숙,01075782048,920917
홍춘자,01022110138,690208
권정남,01023698073,490118
박영일,01060357235,800729
김정희,01024205350,511019
박명숙,01047010793,010505
김숙자,01083823070,491002
이윤서,01005805955,680808
이광수,01025045323,980715
홍영환,01030221728,490524
김현정,01053690971,120616
이경희,01060725440,840225
한민지,01071195822,680729
김준영,01016249941,901017
이미숙,01015075794,670615
민지은,01067240648,080302
손영수,01032492326,990710
고경숙,01024084752,640722
최성호,01098496825,981213
박상훈,01046707650,820519
박시우,01024934310,830520
양서영,01073959516,540913
안서연,01023739518,540512
김현정,01075833473,581111
이성민,01074388314,870301
이동현,01018437192,621105
김재호,01066411227,710411
조상호,01097009516,090110
강정남,01082025915,010802
황준호,01008584768,510329
홍경숙,01080494444,131226
박예진,01090813280,800105
손지원,01006112087,600602
김지훈,01060826443,590430
박윤서,01039431952,741226
유선영,01060472780,500707
이현준,01057014147,700213
강지후,01063183904,090124
김민서,01044631557,070106
박하윤,01084559254,710220
김예진,01041931317,710118
서영진,01034832389,030524
박지혜,01047521442,720306
심광수,01064279120,621029
이영길,01002308508,690119
김민준,01047479481,070616
이영환,01072783570,010403
김은서,01007047310,040521
류정수,01053066445,120324
성지후,01070895603,460407
황유진,01055020682,651215
박성훈,01078875564,061107
노준영,01063454288,040719
이지아,01067522098,531113
이정훈,01018193426,860227
김예은,01087425742,820928
최영진,01087577073,980512
김지아,01021133472,780124
김미숙,01071607875,000620
강영식,01063569353,590317
이서현,01076359196,800919
김재현,01049981193,910417
이광수,01057813168,880919
남지혜,01054645917,920324
김예지,01053838219,760324
김지영,01053886588,900224
고성민,01011296717,881224
김민수,01024205766,771026
한정순,01039574580,630310
김순옥,01036239590,721107
김예진,01041375687,951208
박현숙,01072429857,930620
최영진,01036352600,010716
이시우,01081994520,721222
곽지아,01099085416,980522
정상호,01004391627,860812
박지아,01094328969,450901
배영철,01060189004,920423
백성현,01042763675,560229
송정훈,01001009874,880409
김정훈,01066939504,790213
장현숙,01070436829,600829
권서윤,01028200376,781005
김성민,01039133278,731231
박우진,01004068379,990315
문민서,01056169856,630816
장종수,01085402563,960707
신정순,01090481490,130702
박승민,01057502825,031212
박윤서,01037924933,020804
김영환,01015331721,890420
윤경희,01088084777,791006
고현정,01095671553,550611
오혜진,01068074928,830106
김수빈,01093749477,730110
손옥순,01031516664,630909
박성수,01065200997,700414
민상호,01080883987,501102
이채원,01036158756,750513
백성수,01099432075,631107
이수민,01036334496,750225
이순자,01051238247,710601
서준영,01057742939,580613
배주원,01062489543,780221
최혜진,01053757755,910420
박순옥,01062571733,910520
김민준,01023696084,630115
김유진,01020991239,820119
김승현,01014107205,851026
이미경,01038525328,450711
전현지,01000739679,790816
김영철,01014517895,630809
류은서,01064172281,470720
장상호,01016981102,480202
박영자,01091003010,100930
최서윤,01095697086,810914
장예준,01086453346,750906
이종수,01065864655,770306
박서현,01069770001,011030
김주원,01055844127,081129
이현준,01013811564,000320
권정남,01067991249,610714
박중수,01047436767,880927
김종수,01062595400,570402
박미경,01038985813,680810
권지현,01000081872,490107
박순자,01059707424,760510
김영환,01080830594,140511
배성현,01051367067,900418
김지영,01045108196,840603
오지현,01090929163,911030
홍은경,01065469874,040312
박지연,01017455610,950411
김은지,01094158639,790901
김도현,01082586173,800110
손영식,01012924793,620824
한하은,01044395696,910105
윤예은,01027204733,930206
민정웅,01082264941,500502
최경숙,01054696656,531030
서경자,01023540509,760425
강명숙,01091493898,780602
남지은,01018649935,130319
이준영,01094669360,850821
이서윤,01028362543,440216
김진우,01073605001,810510
권명숙,01096949881,780802
신성현,01000269037,010325
김도윤,01034517918,660627
박경자,01060441586,880312
한현주,01046234737,440618
정지민,01079890963,730927
이성진,01026195448,830926
최주원,01032294316,091117
김명자,01021270211,850805
박광수,01070724742,760712
김현준,01078350699,551130
박정웅,01085458769,740724
최미영,01086617784,880722
이병철,01001305514,510825
안서윤,01080910799,871019
김아름,01094263616,031021
이성진,01098422126,940118
류민재,01010996377,750124
송미경,01089747914,921017
김예원,01025703647,721117
김서준,01026075351,840806
홍민재,01059405949,081107
윤서영,01036697714,780915
구서윤,01096234646,860624
손민재,01091906132,661030
이도윤,01072396762,851023
김정수,01076383585,100418
김현지,01055980459,770616
주정훈,01089681976,611019
지승현,01093291228,951211
김성호,01096798103,811218
박수진,01036919582,080209
홍병철,01004479619,830329
이춘자,01019355428,650130
백보람,01044754894,120617
박현준,01061236020,060307
황준서,01066054774,940422
이도현,01038583386,140315
이영일,01080808854,890410
이옥순,01093045786,760630
이명자,01013696812,050615
안현정,01046918839,020826
김영숙,01019991566,880819
김지아,01060049266,870918
박명자,01089751646,130510
고하은,01055112253,691117
박예은,01021174534,701203
이미영,01093276984,000805
이영순,01020046832,940723
김지은,01070651874,130110
이영희,01006334403,521018
윤하윤,01028700579,941120
최상훈,01051235693,990123
한현숙,01033858463,470501
지현준,01030522034,100822
박은정,01028858703,750622
배도윤,01081095679,090927
김성훈,01035430621,460315
장지혜,01047091691,650710
이경수,01014523575,090117
김보람,01099099397,500424
이숙자,01042732920,480509
윤상철,01024676126,040330
문동현,01081433822,000918
박성호,01074133811,511123
최민재,01071837282,090122
김도윤,01031463705,890510
송수진,01057798440,920626
오경희,01091693227,771109
이경자,01001796927,951006
김수진,01043258625,080522
김준영,01046242515,681102
김영숙,01099520296,510103
이영숙,01023045795,580804
김미경,01093491156,110324
김예지,01060156634,091126
전주원,01088167797,090304
윤수진,01001230705,561105
이경숙,01084454605,680420
황영길,01087365908,060726
권준영,01093084723,530704
이정남,01077285783,040201
김현숙,01026440378,671005
윤서준,01002468405,640121
이서준,01019844568,750629
이예은,01091052294,490712
이민석,01091721581,681023
배광수,01097970320,831003
김성현,01040010058,650113
손민지,01040102297,030809
이보람,01084115736,660308
구서윤,01019848691,611115
나은정,01022184042,910215
이주원,01067740222,091125
우하은,01090253705,941021
최영길,01026090678,990325
김지현,01099182246,010324
황영숙,01091698396,530807
김채원,01059928415,510717
문영자,01076803481,010324
배현우,01043488374,720121
최수민,01034016009,131120
신영환,01056266238,831225
엄현지,01023507163,981025
권예진,01094374999,031027
박서연,01089517295,850607
권정자,01088741386,731116
김성수,01023173950,950123
이민수,01076785495,931223
김미경,01057535722,800811
김종수,01017743066,970629
김명숙,01040905894,650606
권미영,01062662696,860205
권민준,01073074676,501115
이지영,01019893401,731009
이승현,01044174457,560927
이도현,01073210703,590221
김정자,01036884906,090608
류은지,01090946695,880419
김은주,01064474458,780325
박병철,01079877528,850804
이승현,01075011295,630710
김준영,01027093740,520914
박성민,01013802302,711124
이수빈,01051822749,810402
김지은,01025240766,580111
김명숙,01002263583,480821
김지영,01007676976,701217
김선영,01015542825,130409
김도윤,01037039150,580120
송미경,01049552361,010914
최승민,01027191540,730625
김재호,01085349348,910824
김숙자,01021526856,570828
김영순,01090834648,990617
류영철,01039672887,661210
우서영,01089191339,730321
한상현,01026802430,040127
강미영,01043623351,840127
이서준,01049509577,751003
김준영,01045125517,090914
김성진,01072391807,120115
김지현,01008901297,430708
박경희,01077892689,080808
한수진,01062052416,981101
이지연,01063054498,900713
송영식,01006355205,731224
오명숙,01085479417,131117
고영순,01058909223,810708
차은정,01048879179,910717
한민지,01049572984,450417
류서연,01009981930,740304
장진호,01020929419,780707
하은영,01027539162,830403
김영환,01020726668,430923
김현숙,01010063067,470309
임지후,01045421131,561029
강현우,01017169480,890624
김현우,01072806465,640518
김미정,01031484386,990618
이정희,01053208891,900315
이상철,01024301987,780527
오도현,01065915882,561105
김은정,01021386843,720510
나영순,01023823512,100602
안현정,01090727715,110319
이주원,01095558348,821210
김서윤,01001430485,670929
이성훈,01030921763,040303
최상현,01082199859,750721
이상철,01087459728,060308
한지우,01083700280,730226
우민석,01018518734,020729
송서준,01019611571,850205
박지민,01027371475,450515
배예원,01071988930,890929
최정훈,01068287657,661213
윤예진,01093396113,550319
박성민,01035821154,810324
장재현,01077420071,100203
김정숙,01048352490,001111
김예원,01086046881,780906
김현지,01047132834,820602
강경수,01058095099,510404
이준혁,01022818499,750418
고서현,01013992509,910304
김현정,01095919850,651030
이재현,01041692712,081005
김경자,01072534114,960306
김영길,01094870250,860829
이영식,01068698112,050811
양영철,01065357201,811101
김지혜,01071263729,441018
김하은,01070187704,131110
송영길,01036702505,730813
최성현,01037607998,071219
이성현,01077130349,810204
박성현,01024044867,580603
황서준,01098537996,880203
김정자,01074338929,430604
최서준,01042627356,820828
한순옥,01035328713,041210
이성현,01073973315,860614
이서준,01004599019,700409
윤예진,01031839634,110802
나민준,01040928174,660916
오은정,01090736994,741018
김상호,01098946532,521103
한순옥,01078065013,000830
김상철,01066458870,851020
정민준,01033201783,700608
권민수,01045517164,930828
김진우,01025248173,620711
이아름,01046211431,971111
김서윤,01049182464,550108
김수진,01014831735,080409
김병철,01043658966,510508
이서영,01001132700,520604
김진호,01056599780,631128
강채원,01056607098,810504
권순자,01051310482,921216
최성호,01002523750,940420
홍동현,01086871223,530226
